{"graph": {"_type": "graph-file", "path": "media/graph/graph_summary_f02b65b0.graph.json", "sha256": "f02b65b0b663dd331aa99619ec11302da3befd76598bebc09c7e1bbd51e1ee48", "size": 706}, "epoch": 19, "loss": 59.10185623168945, "soft_acc": 0.05044367536902428, "mean_squared_error": 59.10185623168945, "val_loss": 35.772605895996094, "val_soft_acc": 0.08400537818670273, "val_mean_squared_error": 35.772605895996094, "_runtime": 7, "_timestamp": 1616441921, "_step": 19, "best_val_loss": 35.17543411254883, "best_epoch": 18}