{"graph": {"_type": "graph-file", "path": "media/graph/graph_summary_8ecfdad2.graph.json", "sha256": "8ecfdad2ed1f805e132133b7ff909e8800f558534e0125179bc8dfecc18baa76", "size": 708}, "epoch": 19, "loss": 29.434310913085938, "soft_acc": 0.12905092537403107, "mean_squared_error": 29.434310913085938, "val_loss": 18.675384521484375, "val_soft_acc": 0.07426074892282486, "val_mean_squared_error": 18.675384521484375, "_runtime": 7, "_timestamp": 1616441933, "_step": 19, "best_val_loss": 14.782892227172852, "best_epoch": 17}