{"graph": {"_type": "graph-file", "path": "media/graph/graph_summary_4a2900e3.graph.json", "sha256": "4a2900e3ad1e4a1884cf87d2133be77cbbf2c383045720569d3bb68af4e6dab4", "size": 703}, "epoch": 79, "loss": 379.4579162597656, "soft_acc": 0.010416666977107525, "mean_squared_error": 379.4579162597656, "val_loss": 260.4296569824219, "val_soft_acc": 0.010416666977107525, "val_mean_squared_error": 260.4296569824219, "_runtime": 13, "_timestamp": 1616441910, "_step": 79, "best_val_loss": 260.4296569824219, "best_epoch": 79}