{"graph": {"_type": "graph-file", "path": "media/graph/graph_summary_b27ca00e.graph.json", "sha256": "b27ca00e82b68d249bd3fc76ae3abf3d7245eac334fe58ed3270cb0bb9347358", "size": 704}, "epoch": 19, "loss": 529.178955078125, "soft_acc": 0.0, "mean_squared_error": 529.178955078125, "val_loss": 390.9103088378906, "val_soft_acc": 0.0, "val_mean_squared_error": 390.9103088378906, "_runtime": 5, "_timestamp": 1616442073, "_step": 19, "best_val_loss": 390.9103088378906, "best_epoch": 19}