{"graph": {"_type": "graph-file", "path": "media/graph/graph_summary_ba0dcf1f.graph.json", "sha256": "ba0dcf1f83144f8e8ff8b88cd15d8addcbcd30c7948c538f118ea29bd84a323a", "size": 703}, "epoch": 19, "loss": 591.345458984375, "soft_acc": 0.0, "mean_squared_error": 591.345458984375, "val_loss": 445.4675598144531, "val_soft_acc": 0.0, "val_mean_squared_error": 445.4675598144531, "_runtime": 8, "_timestamp": 1616441875, "_step": 19, "best_val_loss": 445.4675598144531, "best_epoch": 19}