{"graph": {"_type": "graph-file", "path": "media/graph/graph_summary_ec369891.graph.json", "sha256": "ec369891c75a341c06a7c3177f002df89e19cb7f95f633d705d57031e89cbe69", "size": 703}, "epoch": 99, "loss": 14.33425521850586, "soft_acc": 0.1358989179134369, "mean_squared_error": 14.33425521850586, "val_loss": 15.039917945861816, "val_soft_acc": 0.13608871400356293, "val_mean_squared_error": 15.039917945861816, "_runtime": 14, "_timestamp": 1616441893, "_step": 99, "best_val_loss": 12.588301658630371, "best_epoch": 48}