{"epoch": 99, "loss": 500.7737121582031, "soft_acc": 0.0, "mean_squared_error": 500.7737121582031, "val_loss": 365.0445861816406, "val_soft_acc": 0.0, "val_mean_squared_error": 365.0445861816406, "_runtime": 12, "_timestamp": 1616442386, "_step": 99, "best_val_loss": 365.0445861816406, "best_epoch": 99}